{"muons.charge": {"mean": 0.0, "sdev": 1.0}, "muons.pt": {"mean": 52.53773226737976, "sdev": 21.977503838612115}, "muons.eta": {"mean": 0.1993121921084821, "sdev": 1.2053419879642147}, "muons.phi": {"mean": -0.23694490790367126, "sdev": 1.7233653028355227}, "muPairs.mass": {"mean": 106.80223397197861, "sdev": 19.387465911559627}, "muPairs.pt": {"mean": 38.42645991671096, "sdev": 49.19940494282626}, "muPairs.eta": {"mean": 0.5888950741593001, "sdev": 2.45821277961588}}