{"jets.pt": {"mean": 86.36270122528076, "sdev": 63.8626955431497}}